image_id,true_label,prompt_id,parsed_label,parse_method,correct,latency_s,notes,raw_output
ISIC_0024646,akiec,P1,nv,strict,0,4.49,,"nv
Final answer: nv
"
ISIC_0024646,akiec,P4,mel,strict,0,6.72,,"The image shows a relatively uniform, diffuse pattern of color with some areas of increased pigmentation and some areas of decreased pigmentation. There are no distinct borders or structures.

2.  The top two candidates are:
    *   mel: The diffuse pattern of color could be consistent with a melanocytic nevus, but the lack of a clear border makes this less certain.
    *   nv: A nevus is a benign mole, and the diffuse pattern could be consistent with this.

Final answer: mel
"
ISIC_0027753,akiec,P1,nv,fallback,0,4.13,,"nv
"
ISIC_0027753,akiec,P4,mel,strict,0,6.95,,"The image shows a mottled, irregular pattern of color with a lack of distinct borders and a homogeneous appearance. This pattern is not typical of a benign nevus, basal cell carcinoma, or actinic keratosis. The image also lacks the typical features of a blue-gray homogeneous structure, a blue-whitish structure, or a red, rolled border.

2.  The image could be a melanocytic lesion (mel) or a non-melanocytic lesion (nv).

Final answer: mel
"
ISIC_0032404,akiec,P1,nv,strict,0,4.29,,"Final answer: nv
"
ISIC_0032404,akiec,P4,nv,strict,0,6.67,,"The image shows a diffuse, homogeneous pinkish-red background with some scattered, irregular, and somewhat clustered structures. There are no distinct borders or significant asymmetry.

Top 2 candidate diagnoses:
1.  nv: The diffuse pinkish-red background and scattered structures could be consistent with a benign vascular nevus (NV).
2.  vasc: The diffuse pinkish-red background and scattered structures could be consistent with a vascular lesion.

Final answer: nv
"
ISIC_0025691,bcc,P1,nv,strict,0,4.33,,"Final answer: nv
"
ISIC_0025691,bcc,P4,vasc,strict,0,5.3,,"The image shows a single, central, round, red structure with a dark center, surrounded by a halo of lighter color. This is highly suggestive of a **v**ascular lesion.

Final answer: vasc
"
ISIC_0028486,bcc,P1,nv,strict,0,4.32,,"Final answer: nv
"
ISIC_0028486,bcc,P4,mel,strict,0,6.52,,"The image shows a central area of increased pigmentation with a surrounding halo. This is a common feature of melanocytic nevi, but it can also be seen in other lesions. The image lacks significant asymmetry, and the border is not well defined.

Top 2 candidate diagnoses:
1.  mel: The central area of increased pigmentation with a surrounding halo is suggestive of a melanocytic nevus.
2.  nv

Final answer: mel
"
ISIC_0026978,bcc,P1,nv,strict,0,4.47,,"nv
Final answer: nv
"
ISIC_0026978,bcc,P4,mel,strict,0,6.19,,"The image shows a lesion with a central area of darker pigmentation and some irregular borders. This could be a melanocytic nevus with atypical features, or a benign lesion with some atypical features.

2.  Melanocytic nevus with atypical features (mel) or Benign lesion with atypical features (nv)
3.  mel

Final answer: mel
"
ISIC_0027527,bkl,P1,nv,strict,0,4.58,,"Final answer: nv
"
ISIC_0027527,bkl,P4,nv,strict,0,7.41,,"The image shows a relatively uniform, slightly mottled appearance with some areas of increased pigmentation and some areas of decreased pigmentation. There are no obvious, well-defined borders or significant asymmetry.

Top 2 candidate diagnoses:
1.  nv: The image shows a non-vascular lesion (NV) with a relatively uniform appearance and no significant asymmetry.
2.  mel: The image shows a melanocytic nevus (mel) with a relatively uniform appearance and no significant asymmetry.

Final answer: nv
"
ISIC_0026849,bkl,P1,nv,strict,0,5.43,,"Final answer: nv
"
ISIC_0026849,bkl,P4,nv,strict,0,8.07,,"The image shows a relatively uniform, slightly mottled appearance with some areas of increased pigmentation and some areas of decreased pigmentation. There are no obvious, well-defined structures or patterns.

Top 2 candidate diagnoses:
1.  mel: The overall appearance is not strongly suggestive of melanoma, but the mottled appearance and lack of clear structures could be seen in some melanocytic nevi.
2.  nv: The image shows a relatively uniform, slightly mottled appearance with some areas of increased pigmentation and some areas of decreased pigmentation. There are no obvious, well-defined structures or patterns.

Final answer: nv
"
ISIC_0029100,bkl,P1,nv,strict,0,6.08,,"nv
Final answer: nv
"
ISIC_0029100,bkl,P4,mel,strict,0,9.25,,"1.  **Asymmetry:** The image shows a somewhat irregular and uneven distribution of color and structure, which could suggest asymmetry.
2.  **Border:** The border is not well-defined and appears irregular, with some areas appearing more prominent than others.
3.  **Color:** The color is not uniform, with some areas appearing darker than others.
4.  **Differential structures:** The presence of multiple, small, dark structures within the lesion suggests a heterogeneous appearance, which is a key feature of some skin cancers.

Based on the presence of multiple, small, dark structures within a heterogeneous lesion, the most likely diagnosis is **mel**.

Final answer: mel
"
ISIC_0027727,df,P1,nv,strict,0,6.67,,"Final answer: nv
"
ISIC_0027727,df,P4,mel,strict,0,9.79,,"The image shows a lesion with some color variegation and a somewhat irregular border. The presence of color variegation and a somewhat irregular border makes it difficult to definitively classify.

2.  The two most likely diagnoses are:
    *   mel: Melanocytic nevi can exhibit color variegation and irregular borders, although they are typically more uniform in color and shape.
    *   nv: Nevus, or benign nevus, can also show color variegation and irregular borders, and is a common benign lesion.

Final answer: mel
"
ISIC_0032642,df,P1,nv,strict,0,7.38,,"Final answer: nv
"
ISIC_0032642,df,P4,mel,strict,0,8.95,,"The image shows a well-defined, round, homogeneous, and slightly reddish lesion with a clear border. This is characteristic of a melanocytic nevus.

Top 2 candidate diagnoses:
1.  Melanocytic nevus (mel)
2.  Nevus

Final answer: mel
"
ISIC_0030427,df,P1,nv,fallback,0,7.91,,"nv
"
ISIC_0030427,df,P4,mel,strict,0,10.17,,"The image shows a lesion with a somewhat irregular border and a homogeneous, pinkish-red color. There are no significant areas of hypopigmentation or hyperpigmentation, and no prominent vessels are visible. The overall appearance is not highly suspicious for any of the other categories.

2.  The lesion could be a melanocytic nevus (nv) or a benign keratosis (bkl).

Final answer: mel
"
ISIC_0028584,mel,P1,nv,strict,0,7.79,,"Final answer: nv
"
ISIC_0028584,mel,P4,mel,strict,1,11.74,,"The image shows a dark, circular lesion with a central area of darkness and a surrounding lighter area. The lesion has a somewhat irregular border and a central area of darkness. The presence of a central area of darkness is a key feature.

Top 2 candidate diagnoses:
1.  Melanoma (mel): The dark central area and irregular border are suggestive of melanoma.
2.  Nevus (nv): The image shows a dark, circular lesion, which could be a nevus (mole).

Final answer: mel
Final answer: mel
"
ISIC_0026664,mel,P1,nv,strict,0,7.66,,"Final answer: nv
"
ISIC_0026664,mel,P4,mel,strict,1,10.9,,"The image shows a dark, irregular, and somewhat amorphous area with a central darker region and surrounding lighter areas. This suggests a possible melanocytic lesion.

1.  **Melanocytic nevi (nv):** The dark central area could represent a melanocyte cluster, and the surrounding lighter areas could be due to pigment variation within the nevus.
2.  **Melanoma (mel):** The irregular borders and dark central area could be indicative of melanoma.

Based on the dermoscopic features, the most likely diagnosis is melanocytic nevus.

Final answer: mel
"
ISIC_0033141,mel,P1,nv,strict,0,7.54,,"Final answer: nv
"
ISIC_0033141,mel,P4,mel,strict,1,10.43,,"The image shows a dark, irregular, and somewhat ""spongy"" lesion with a central area of darker pigmentation and a surrounding lighter area. This pattern is suggestive of a melanocytic nevus with atypical features.

2.  mel: The lesion is dark, irregular, and has a ""spongy"" appearance, which can be seen in melanocytic nevi with atypical features.
    nv: The lesion is a dark, irregular, and somewhat ""spongy"" appearance, which can be seen in melanocytic nevi with atypical features.

Final answer: mel
"
ISIC_0032016,nv,P1,nv,strict,1,7.16,,"Final answer: nv
"
ISIC_0032016,nv,P4,nv,strict,1,8.01,,"The image shows a red, somewhat irregular area with a blurry border and a lack of distinct structures. This could be a lesion with a non-uniform color distribution, which is a common feature of melanocytic nevi or atypical melanocytic proliferations.

2.  mel, nv

Final answer: nv
"
ISIC_0029347,nv,P1,nv,strict,1,7.29,,"Final answer: nv
"
ISIC_0029347,nv,P4,mel,strict,0,9.49,,"The image shows a relatively uniform, reddish-brown lesion with a somewhat circular shape. There are no obvious atypical border features, and the color is relatively homogeneous.

Top 2 candidate diagnoses:
1.  mel: The lesion is a uniform color and shape, which is consistent with a melanocytic nevus.
2.  nv: The lesion is a uniform color and shape, which is consistent with a melanocytic nevus.

Final answer: mel
"
ISIC_0029865,nv,P1,nv,strict,1,6.89,,"Final answer: nv
"
ISIC_0029865,nv,P4,nv,strict,1,8.27,,"The image shows a dark, somewhat irregular area with a central darker region and some surrounding lighter areas. There are no obvious borders or other structures to suggest a specific type of lesion.

2.  The most likely diagnosis is **nv** (nevoid). The dark central area could represent a melanocyte with a dark halo, which is a common feature of nevi.

Final answer: nv
"
ISIC_0033349,vasc,P1,nv,strict,0,7.2,,"nv
Final answer: nv
"
ISIC_0033349,vasc,P4,bkl,strict,0,7.58,,"The image shows a well-defined, circular lesion with a central area of darker color and a surrounding halo of lighter color. This is characteristic of a **bkl** (Bowen's disease).

Final answer: bkl
"
ISIC_0027563,vasc,P1,nv,strict,0,7.06,,"nv
Final answer: nv
"
ISIC_0027563,vasc,P4,nv,strict,0,9.24,,"The image shows a central area of darker pigmentation with a surrounding lighter area, creating a ""pie-in-the-sky"" appearance. This is a classic feature of melanocytic nevi.

Top 2 candidate diagnoses:
1.  nv: The ""pie-in-the-sky"" pattern is a key feature of melanocytic nevi.
2.  mel: The image shows a dark central area with a lighter surrounding area, which is a common feature of melanocytic nevi.

Final answer: nv
"
ISIC_0028680,vasc,P1,nv,strict,0,6.95,,"nv
Final answer: nv
"
ISIC_0028680,vasc,P4,mel,strict,0,7.41,,"The image shows a red, circular lesion with a central area of increased color intensity and a surrounding halo of lighter color. This is characteristic of a **mel** (melanocytic nevus).

Final answer: mel
"
