model_short,image_id,true_label,prompt_id,parsed_label,parse_method,correct,latency_s,raw_output
medgemma-4b,ISIC_0024646,akiec,P1,nv,strict,0,4.85,"nv
Final answer: nv
"
medgemma-4b,ISIC_0024646,akiec,P2,mel,strict,0,7.07,"The image shows a relatively uniform, slightly mottled appearance with some areas of increased pigmentation and others of decreased pigmentation. There are no distinct structures like globules or a clear border.

The top two candidate classes are:
1.  mel: The mottled appearance and presence of pigment could be consistent with melanoma.
2.  nv: The mottled appearance could be consistent with a nevus.

Based on the description and the lack of clear structures, I will classify this as:
Final answer: mel
"
medgemma-4b,ISIC_0024646,akiec,P3,mel,strict,0,4.22,"Final answer: mel
"
medgemma-4b,ISIC_0024646,akiec,P4,mel,strict,0,7.34,"The image shows a relatively uniform, diffuse pattern of color with some areas of increased pigmentation and some areas of decreased pigmentation. There are no distinct borders or structures.

2.  The top two candidates are:
    *   mel: The diffuse pattern of color could be consistent with a melanocytic nevus, but the lack of a clear border makes this less certain.
    *   nv: A nevus is a benign mole, and the diffuse pattern could be consistent with this.

Final answer: mel
"
medgemma-4b,ISIC_0025691,bcc,P1,nv,strict,0,4.39,"Final answer: nv
"
medgemma-4b,ISIC_0025691,bcc,P2,akiec,strict,0,7.81,"The image shows a single, central, round structure with a distinct, well-defined border. There are no other obvious features like pigment networks, globules, or streaks.

Top 2 candidate classes:
1.  akiec: The single, round structure with a well-defined border could be a small, benign lesion.
2.  nv: The single, round structure with a well-defined border could be a small, benign lesion.

The image shows a single, round structure with a well-defined border, which is a common feature of benign lesions.

Final answer: akiec
"
medgemma-4b,ISIC_0025691,bcc,P3,nv,strict,0,4.27,"Final answer: nv
"
medgemma-4b,ISIC_0025691,bcc,P4,vasc,strict,0,5.65,"The image shows a single, central, round, red structure with a dark center, surrounded by a halo of lighter color. This is highly suggestive of a **v**ascular lesion.

Final answer: vasc
"
medgemma-4b,ISIC_0027527,bkl,P1,nv,strict,0,4.6,"Final answer: nv
"
medgemma-4b,ISIC_0027527,bkl,P2,nv,strict,0,7.85,"The image shows a relatively uniform, slightly mottled appearance with some darker areas and a general lack of distinct structures. There are some small, irregular areas of darker pigmentation, but no clear, well-defined structures like globules or a prominent pigment network.

Top 2 candidate classes:
1.  nv: The mottled appearance and lack of distinct structures could be consistent with a benign vascular lesion (nv).
2.  mel: The mottled appearance could be consistent with a melanocytic lesion, but the lack of a clear, defined structure makes this less likely than nv.

Final answer: nv
"
medgemma-4b,ISIC_0027527,bkl,P3,mel,strict,0,4.35,"Final answer: mel
"
medgemma-4b,ISIC_0027527,bkl,P4,nv,strict,0,7.25,"The image shows a relatively uniform, slightly mottled appearance with some areas of increased pigmentation and some areas of decreased pigmentation. There are no obvious, well-defined borders or significant asymmetry.

Top 2 candidate diagnoses:
1.  nv: The image shows a non-vascular lesion (NV) with a relatively uniform appearance and no significant asymmetry.
2.  mel: The image shows a melanocytic nevus (mel) with a relatively uniform appearance and no significant asymmetry.

Final answer: nv
"
medgemma-4b,ISIC_0027727,df,P1,nv,strict,0,4.84,"Final answer: nv
"
medgemma-4b,ISIC_0027727,df,P2,mel,strict,0,8.63,"The image shows a red, slightly irregular area with some structure, but no clear borders or distinct pigment network.

Top 2 candidate classes:
1.  mel: The red color and structure suggest a melanocytic lesion, but the lack of clear borders makes it difficult to classify definitively.
2.  vasc: The red color and structure could be due to a vascular lesion, but it's not clear if it's a benign or malignant vascular lesion.

Based on the lack of clear borders and the presence of red color, I will classify this as:
Final answer: mel
"
medgemma-4b,ISIC_0027727,df,P3,mel,strict,0,6.22,"Final answer: mel
"
medgemma-4b,ISIC_0027727,df,P4,mel,strict,0,8.75,"The image shows a lesion with some color variegation and a somewhat irregular border. The presence of color variegation and a somewhat irregular border makes it difficult to definitively classify.

2.  The two most likely diagnoses are:
    *   mel: Melanocytic nevi can exhibit color variegation and irregular borders, although they are typically more uniform in color and shape.
    *   nv: Nevus, or benign nevus, can also show color variegation and irregular borders, and is a common benign lesion.

Final answer: mel
"
medgemma-4b,ISIC_0028584,mel,P1,nv,strict,0,7.06,"Final answer: nv
"
medgemma-4b,ISIC_0028584,mel,P2,mel,strict,1,11.87,"The image shows a dark, circular lesion with a central area of darker pigmentation and a surrounding lighter area. The edges are not well-defined, and there are some small, round structures within the lesion.

The top two candidate classes are:
1.  mel: The dark, circular lesion with a central area of darker pigmentation and a surrounding lighter area is highly suggestive of a melanocytic lesion, such as a melanoma or a dysplastic nevus.
2.  nv: The presence of a dark central area and a surrounding lighter area could be a sign of a nevus, but the overall appearance is more concerning than a typical nevus.

Based on the description, the most likely class is melanoma.

Final answer: mel
"
medgemma-4b,ISIC_0028584,mel,P3,mel,strict,1,8.46,"Final answer: mel
"
medgemma-4b,ISIC_0028584,mel,P4,mel,strict,1,11.63,"The image shows a dark, circular lesion with a central area of darkness and a surrounding lighter area. The lesion has a somewhat irregular border and a central area of darkness. The presence of a central area of darkness is a key feature.

Top 2 candidate diagnoses:
1.  Melanoma (mel): The dark central area and irregular border are suggestive of melanoma.
2.  Nevus (nv): The image shows a dark, circular lesion, which could be a nevus (mole).

Final answer: mel
Final answer: mel
"
medgemma-4b,ISIC_0032016,nv,P1,nv,strict,1,8.36,"Final answer: nv
"
medgemma-4b,ISIC_0032016,nv,P2,nv,strict,1,14.26,"The image shows a red, somewhat irregular area with a blurry appearance. There are some structures that resemble streaks or patterns, but they are not clearly defined.

Top 2 candidate classes:
1.  nv: The irregular shape and red color could be suggestive of a nevus (mole).
2.  mel: The red color and irregular shape could be suggestive of a melanocytic lesion.

The image is not clear enough to definitively classify it as either a nevus or a melanoma. However, given the presence of red color and irregular shape, I will choose to classify it as a nevus.

Final answer: nv
"
medgemma-4b,ISIC_0032016,nv,P3,mel,strict,0,9.71,"Final answer: mel
"
medgemma-4b,ISIC_0032016,nv,P4,nv,strict,1,12.01,"The image shows a red, somewhat irregular area with a blurry border and a lack of distinct structures. This could be a lesion with a non-uniform color distribution, which is a common feature of melanocytic nevi or atypical melanocytic proliferations.

2.  mel, nv

Final answer: nv
"
medgemma-4b,ISIC_0033349,vasc,P1,nv,strict,0,9.23,"nv
Final answer: nv
"
medgemma-4b,ISIC_0033349,vasc,P2,bcc,strict,0,11.91,"The image shows a circular lesion with a distinct border and a central area of different color. The border appears irregular, and there's a color variation within the lesion.

Top 2 candidate classes:
1.  bcc: The circular shape and color variation are typical of a basal cell carcinoma.
2.  nv: The circular shape and color variation could be a nevi, but the border irregularity makes this less likely than bcc.

Final answer: bcc
"
medgemma-4b,ISIC_0033349,vasc,P3,bkl,strict,0,8.03,"Final answer: bkl
"
medgemma-4b,ISIC_0033349,vasc,P4,bkl,strict,0,9.39,"The image shows a well-defined, circular lesion with a central area of darker color and a surrounding halo of lighter color. This is characteristic of a **bkl** (Bowen's disease).

Final answer: bkl
"
qwen2.5-vl-3b,ISIC_0024646,akiec,P1,mel,strict,0,3.42,Final answer: mel
qwen2.5-vl-3b,ISIC_0024646,akiec,P2,mel,strict,0,6.31,"1. **Description of the Image:**
   - **Color Variation:** The image shows a patch with a central area of darker color surrounded by lighter areas.
   - **Pigment Network:** There is a network of pigmented spots radiating from the center.
   - **Vessels:** There are small, scattered vessels visible within the darker areas.

2. **Candidate Classes and Reasons:**
   - **Mel:** This class is often used for melanocytic lesions, which can have pigment networks and vessels. The central darker area and radiating pigmented spots are characteristic of melanoma.
   - **BCC:** Basal Cell Carcinoma (BCC) can also have pigment networks and vessels, but the central darker area and radiating pigmented spots are less typical of BCC.

3. **Commitment to One Class:**
   - The central darker area and radiating pigmented spots are more characteristic of melanoma than BCC. The presence of vessels further supports the melanoma classification.

Final answer: mel"
qwen2.5-vl-3b,ISIC_0024646,akiec,P3,bcc,strict,0,1.87,Final answer: bcc
qwen2.5-vl-3b,ISIC_0024646,akiec,P4,bcc,strict,0,5.39,"1. **Asymmetry**: The lesion is not symmetric, with different shades and textures.
2. **Border**: The border is irregular and not well-defined.
3. **Color**: The color is patchy, with a mix of pink and brown hues.
4. **Differential structures**: There are small, round structures that resemble sebaceous glands.

**Candidate diagnoses**:
- **BCC (Basal Cell Carcinoma)**: The irregular border and asymmetry are characteristic features of BCC.
- **Melanoma**: The patchy color and irregular border are also suggestive of melanoma.

**Final commitment**:
Given the irregular border, asymmetry, and patchy color, the most likely diagnosis is **BCC (Basal Cell Carcinoma)**.

Final answer: bcc"
qwen2.5-vl-3b,ISIC_0025691,bcc,P1,bcc,strict,1,2.1,Final answer: bcc (basal cell carcinoma)
qwen2.5-vl-3b,ISIC_0025691,bcc,P2,mel,strict,0,6.35,"1. **Description of the Image:**
   - **Color Variation:** The lesion shows a central area with a darker hue, suggesting possible pigmentation.
   - **Border Irregularity:** The border appears irregular, which is a characteristic feature of melanoma.
   - **Diameter Cues:** The lesion is relatively small, which is less common in melanoma but can occur.
   - **Dermoscopic Structures:** There are no visible dermoscopic structures like pigment networks, globules, or streaks that are typically seen in melanoma.

2. **List of Top 2 Candidate Classes and Why Each Fits or Doesn't:**
   - **Mel:** This fits because the irregular border and color variation are consistent with melanoma.
   - **BCC:** This does not fit because basal cell carcinoma (BCC) typically presents with a more uniform color and lacks the irregular border seen here.

3. **Commitment to One Class:**
   Based on the irregular border and color variation, the most likely class is **Mel**.

Final answer: mel"
qwen2.5-vl-3b,ISIC_0025691,bcc,P3,bcc,strict,1,1.81,Final answer: bcc
qwen2.5-vl-3b,ISIC_0025691,bcc,P4,bcc,strict,1,6.38,"1. **Asymmetry**: The lesion is asymmetrical, with a central area that appears different from the surrounding skin.
2. **Border**: The border is irregular and not well-defined.
3. **Color**: The color is predominantly pink with a central area that appears darker.
4. **Differential structures**: There are no visible dermoscopic structures such as vessels, pigmented bands, or dermoscopic patterns that would suggest a specific diagnosis.

**Top 2 candidate diagnoses with rationale**:
1. **BCC (Basal Cell Carcinoma)**: BCC often presents with an irregular border and asymmetry. The central area may appear darker, which is consistent with the observed color changes.
2. **Vascular Lesion**: The irregular border and asymmetry can also be seen in vascular lesions, such as hemangiomas or telangiectasias.

**Final commitment**:
Given the irregular border, asymmetry, and the central darker area, the most likely diagnosis is **BCC (Basal Cell Carcinoma)**.

Final answer: bcc"
qwen2.5-vl-3b,ISIC_0027527,bkl,P1,mel,strict,0,1.97,Final answer: mel
qwen2.5-vl-3b,ISIC_0027527,bkl,P2,vasc,strict,0,6.26,"1. Description:
   - The image shows a dermoscopic pattern with a central brownish area surrounded by lighter pinkish areas.
   - There is asymmetry in the distribution of pigmentation.
   - The border is irregular, with some areas appearing more pronounced than others.
   - There is color variation, with the central area being darker than the surrounding areas.
   - There are globules and streaks visible, with the streaks appearing to be vascular structures.

2. Candidate Classes:
   - **Mel**: Melanocytic lesions often have irregular borders and color variations.
   - **BCC**: Basal Cell Carcinoma often shows irregular borders and can have vascular structures.
   - **Vasc**: Vascular lesions typically have vascular structures, which are visible in this image.

3. Commitment:
   - The irregular border and color variation suggest a melanocytic or vascular lesion.
   - The presence of vascular structures (streaks) is a key feature that aligns with the vascular lesion class.

Final answer: vasc"
qwen2.5-vl-3b,ISIC_0027527,bkl,P3,bcc,strict,0,1.87,Final answer: bcc
qwen2.5-vl-3b,ISIC_0027527,bkl,P4,bcc,strict,0,5.52,"1. **Asymmetry**: The lesion shows asymmetry with a darker, irregularly shaped area surrounded by a lighter area.
2. **Border**: The border is irregular and not well-defined.
3. **Color**: The color is predominantly pink with a darker, irregularly shaped area.
4. **Differential structures**: The presence of irregularly shaped areas with a possible vascular pattern suggests vascular structures.

**Candidate diagnoses**:
- **BCC (Basal Cell Carcinoma)**: The irregular border and asymmetry are characteristic features of BCC.
- **Vascular Lesion**: The irregularly shaped area with possible vascular structures suggests a vascular lesion.

**Final commitment**:
Given the irregular border, asymmetry, and the presence of vascular structures, the most likely diagnosis is **BCC (Basal Cell Carcinoma)**.

Final answer: bcc"
qwen2.5-vl-3b,ISIC_0027727,df,P1,mel,strict,0,2.03,Final answer: mel
qwen2.5-vl-3b,ISIC_0027727,df,P2,mel,strict,0,5.64,"1. **Description:**
   - **Color Variation:** The image shows a patch with a central area of pinkish-red color surrounded by a lighter, more uniform pink area.
   - **Pigment Network:** There is a prominent pigment network with a central area of darker pigmentation.
   - **Vessels:** There are small, scattered vessels visible within the pinkish-red area.

2. **Candidate Classes and Reasons:**
   - **Mel:** The central area with darker pigmentation and the overall pattern suggest melanocytic activity.
   - **BCC:** The central area with darker pigmentation and the overall pattern suggest basal cell carcinoma (BCC).

3. **Commitment:**
   - The central area with darker pigmentation and the overall pattern suggest melanocytic activity, but the presence of scattered vessels also suggests BCC.

Final answer: **Mel**"
qwen2.5-vl-3b,ISIC_0027727,df,P3,mel,strict,0,1.91,Final answer: mel
qwen2.5-vl-3b,ISIC_0027727,df,P4,bcc,strict,0,6.15,"1. **Asymmetry**: The lesion shows asymmetry with different shades and patterns.
2. **Border**: The border is not clearly defined, which is a characteristic of some lesions.
3. **Color**: The color is predominantly pink with some areas of darker pink.
4. **Differential structures**: There are no clear signs of vascular structures or other specific structures that would suggest a particular diagnosis.

**Top 2 candidate diagnoses with rationale**:
- **BCC (Basal Cell Carcinoma)**: BCC often presents with asymmetry and can have a pinkish color. The lack of clear borders and the presence of different shades are consistent with BCC.
- **Vascular Lesion**: Vascular lesions can also show asymmetry and pink coloration, but they typically have more distinct vascular structures.

**Final commitment**:
Given the asymmetry, pink coloration, and lack of clear borders, the most likely diagnosis is **BCC (Basal Cell Carcinoma)**.

Final answer: bcc"
qwen2.5-vl-3b,ISIC_0028584,mel,P1,mel,fallback,1,2.52,mel
qwen2.5-vl-3b,ISIC_0028584,mel,P2,mel,strict,1,6.59,"1. Description:
   - The image shows a dermoscopic view of a skin lesion.
   - There is asymmetry in the color and structure.
   - The border is irregular.
   - There is a color variation with a dark blue-black area and a lighter brown area.
   - The lesion appears to have a pigment network and globules.
   - There are vessels visible, particularly in the lighter brown area.

2. Candidate Classes:
   - **Mel**: Melanoma is characterized by asymmetry, irregular borders, and color variation.
   - **BCC**: Basal Cell Carcinoma often shows irregular borders and color variation but typically does not have the pigment network seen here.
   - **Vasc**: Vascular lesions often have vessels visible, which is present here.

3. Commitment:
   - The irregular borders and color variation are key features of melanoma.
   - The pigment network and globules are also characteristic of melanoma.
   - Vascular features are present but not as prominent as in BCC.

Final answer: mel"
qwen2.5-vl-3b,ISIC_0028584,mel,P3,mel,fallback,1,2.63,Mel
qwen2.5-vl-3b,ISIC_0028584,mel,P4,bcc,strict,0,6.69,"1. **Asymmetry**: The lesion is asymmetrical, with a darker central area surrounded by lighter areas.
2. **Border**: The border is irregular and not well-defined.
3. **Color**: The color is predominantly dark with lighter surrounding areas.
4. **Differential structures**: The lesion has a spiny or villous structure.

**Candidate diagnoses**:
- **BCC (Basal Cell Carcinoma)**: BCC often presents with irregular borders and asymmetry, and can have a spiny or villous structure.
- **Melanoma**: Melanoma can also present with asymmetry and irregular borders, and may have a spiny or villous structure.

**Final commitment**:
Given the asymmetry, irregular border, and spiny/villous structure, the most likely diagnosis is **BCC (Basal Cell Carcinoma)**.

Final answer: bcc"
qwen2.5-vl-3b,ISIC_0032016,nv,P1,bcc,strict,0,3.27,Final answer: bcc (basal cell carcinoma)
qwen2.5-vl-3b,ISIC_0032016,nv,P2,mel,strict,0,9.02,"1. Description:
   - The image shows a skin lesion with asymmetry and irregular borders.
   - There is a color variation with a central area of darker color surrounded by lighter areas.
   - The lesion has a pigment network with globules and streaks.
   - There are vessels visible within the lesion.

2. Candidate Classes:
   - Mel: Melanoma often shows asymmetry and irregular borders with a pigment network.
   - nv: Nodular verrucaous lesions often have irregular borders and a pigment network.
   - bcc: Basal cell carcinoma can have irregular borders and a pigment network.
   - akiec: Acquired keratoacanthoma often shows asymmetry and irregular borders with a pigment network.
   - bkl: Benign keratosis of the lichen planus type often has irregular borders and a pigment network.
   - df: Dermatitis often shows irregular borders and a pigment network.
   - vasc: Vascular lesions often have vessels visible within the lesion.

3. Commitment:
   - The lesion shows asymmetry and irregular borders, which are common in melanoma.
   - The color variation and pigment network are characteristic of melanoma.
   - The vessels visible within the lesion further support the diagnosis of melanoma.

Final answer: mel"
qwen2.5-vl-3b,ISIC_0032016,nv,P3,bcc,strict,0,3.23,Final answer: bcc
qwen2.5-vl-3b,ISIC_0032016,nv,P4,bcc,strict,0,7.1,"1. **Asymmetry**: The lesion is asymmetrical, with different shades and textures.
2. **Border**: The border is irregular and not well-defined.
3. **Color**: The color is predominantly pink with some darker areas.
4. **Differential structures**: There are multiple small vessels and some irregular pigmentation.

**Candidate diagnoses**:
- **BCC (Basal Cell Carcinoma)**: BCC often presents with irregular borders and asymmetry, and can have multiple small vessels.
- **Vascular Lesion**: The presence of multiple small vessels suggests a vascular lesion.

**Final commitment**:
Given the irregular borders, asymmetry, and multiple small vessels, the most likely diagnosis is **BCC (Basal Cell Carcinoma)**.

Final answer: bcc"
qwen2.5-vl-3b,ISIC_0033349,vasc,P1,bkl,fallback,0,3.86,bkl
qwen2.5-vl-3b,ISIC_0033349,vasc,P2,mel,strict,0,11.09,"1. Description:
   - The image shows a skin lesion with asymmetry and irregular borders.
   - There is a color variation with pinkish-red areas and a central white area.
   - The lesion appears to have a pigment network with globules and streaks.
   - There are no visible vessels or vascular patterns.

2. Candidate Classes:
   - Mel: Melanocytic lesions often have asymmetry and irregular borders.
   - nv: Nodular lesions can have asymmetry and irregular borders.
   - bcc: Basal cell carcinoma can have asymmetry and irregular borders.
   - akiec: Acquired Kaposi's sarcoma can have asymmetry and irregular borders.
   - bkl: Benign keratotic lesion can have asymmetry and irregular borders.
   - df: Dermatofibroma can have asymmetry and irregular borders.
   - vasc: Vascular lesions often have vessels or vascular patterns.

3. Commitment:
   - The lesion has asymmetry and irregular borders, which are common features of melanocytic lesions.
   - The color variation and pigment network suggest a melanocytic origin.
   - The pinkish-red areas and central white area are characteristic of melanocytic lesions.

Final answer: mel"
qwen2.5-vl-3b,ISIC_0033349,vasc,P3,bcc,strict,0,3.91,Final answer: bcc
qwen2.5-vl-3b,ISIC_0033349,vasc,P4,vasc,strict,1,10.41,"1. **Asymmetry**: The lesion is asymmetrical with a central area of pinkish color surrounded by a clear border.
2. **Border**: The border is clear and well-defined.
3. **Color**: The color is predominantly pink with a clear border.
4. **Differential structures**: The pinkish area is surrounded by a clear border, which is characteristic of a vascular structure.

**Candidate diagnoses**:
- **Mel**: Melanoma is ruled out due to the clear border and the pinkish color.
- **BCC**: Basal Cell Carcinoma (BCC) is ruled out due to the clear border and the pinkish color.
- **BKL**: Benign Keratosis of the Vulva (BKL) is ruled out due to the clear border and the pinkish color.
- **Vascular**: The pinkish area with a clear border is characteristic of a vascular structure.

**Final answer**: vasc"
