model,image_id,true_label,prompt_id,raw_output,latency_s
mlx-community/Qwen2.5-VL-3B-Instruct-4bit,ISIC_0024646,akiec,P1,Final answer: mel,3.42
mlx-community/Qwen2.5-VL-3B-Instruct-4bit,ISIC_0024646,akiec,P2,"1. **Description of the Image:**
   - **Color Variation:** The image shows a patch with a central area of darker color surrounded by lighter areas.
   - **Pigment Network:** There is a network of pigmented spots radiating from the center.
   - **Vessels:** There are small, scattered vessels visible within the darker areas.

2. **Candidate Classes and Reasons:**
   - **Mel:** This class is often used for melanocytic lesions, which can have pigment networks and vessels. The central darker area and radiating pigmented spots are characteristic of melanoma.
   - **BCC:** Basal Cell Carcinoma (BCC) can also have pigment networks and vessels, but the central darker area and radiating pigmented spots are less typical of BCC.

3. **Commitment to One Class:**
   - The central darker area and radiating pigmented spots are more characteristic of melanoma than BCC. The presence of vessels further supports the melanoma classification.

Final answer: mel",6.31
mlx-community/Qwen2.5-VL-3B-Instruct-4bit,ISIC_0024646,akiec,P3,Final answer: bcc,1.87
mlx-community/Qwen2.5-VL-3B-Instruct-4bit,ISIC_0024646,akiec,P4,"1. **Asymmetry**: The lesion is not symmetric, with different shades and textures.
2. **Border**: The border is irregular and not well-defined.
3. **Color**: The color is patchy, with a mix of pink and brown hues.
4. **Differential structures**: There are small, round structures that resemble sebaceous glands.

**Candidate diagnoses**:
- **BCC (Basal Cell Carcinoma)**: The irregular border and asymmetry are characteristic features of BCC.
- **Melanoma**: The patchy color and irregular border are also suggestive of melanoma.

**Final commitment**:
Given the irregular border, asymmetry, and patchy color, the most likely diagnosis is **BCC (Basal Cell Carcinoma)**.

Final answer: bcc",5.39
mlx-community/Qwen2.5-VL-3B-Instruct-4bit,ISIC_0025691,bcc,P1,Final answer: bcc (basal cell carcinoma),2.10
mlx-community/Qwen2.5-VL-3B-Instruct-4bit,ISIC_0025691,bcc,P2,"1. **Description of the Image:**
   - **Color Variation:** The lesion shows a central area with a darker hue, suggesting possible pigmentation.
   - **Border Irregularity:** The border appears irregular, which is a characteristic feature of melanoma.
   - **Diameter Cues:** The lesion is relatively small, which is less common in melanoma but can occur.
   - **Dermoscopic Structures:** There are no visible dermoscopic structures like pigment networks, globules, or streaks that are typically seen in melanoma.

2. **List of Top 2 Candidate Classes and Why Each Fits or Doesn't:**
   - **Mel:** This fits because the irregular border and color variation are consistent with melanoma.
   - **BCC:** This does not fit because basal cell carcinoma (BCC) typically presents with a more uniform color and lacks the irregular border seen here.

3. **Commitment to One Class:**
   Based on the irregular border and color variation, the most likely class is **Mel**.

Final answer: mel",6.35
mlx-community/Qwen2.5-VL-3B-Instruct-4bit,ISIC_0025691,bcc,P3,Final answer: bcc,1.81
mlx-community/Qwen2.5-VL-3B-Instruct-4bit,ISIC_0025691,bcc,P4,"1. **Asymmetry**: The lesion is asymmetrical, with a central area that appears different from the surrounding skin.
2. **Border**: The border is irregular and not well-defined.
3. **Color**: The color is predominantly pink with a central area that appears darker.
4. **Differential structures**: There are no visible dermoscopic structures such as vessels, pigmented bands, or dermoscopic patterns that would suggest a specific diagnosis.

**Top 2 candidate diagnoses with rationale**:
1. **BCC (Basal Cell Carcinoma)**: BCC often presents with an irregular border and asymmetry. The central area may appear darker, which is consistent with the observed color changes.
2. **Vascular Lesion**: The irregular border and asymmetry can also be seen in vascular lesions, such as hemangiomas or telangiectasias.

**Final commitment**:
Given the irregular border, asymmetry, and the central darker area, the most likely diagnosis is **BCC (Basal Cell Carcinoma)**.

Final answer: bcc",6.38
mlx-community/Qwen2.5-VL-3B-Instruct-4bit,ISIC_0027527,bkl,P1,Final answer: mel,1.97
mlx-community/Qwen2.5-VL-3B-Instruct-4bit,ISIC_0027527,bkl,P2,"1. Description:
   - The image shows a dermoscopic pattern with a central brownish area surrounded by lighter pinkish areas.
   - There is asymmetry in the distribution of pigmentation.
   - The border is irregular, with some areas appearing more pronounced than others.
   - There is color variation, with the central area being darker than the surrounding areas.
   - There are globules and streaks visible, with the streaks appearing to be vascular structures.

2. Candidate Classes:
   - **Mel**: Melanocytic lesions often have irregular borders and color variations.
   - **BCC**: Basal Cell Carcinoma often shows irregular borders and can have vascular structures.
   - **Vasc**: Vascular lesions typically have vascular structures, which are visible in this image.

3. Commitment:
   - The irregular border and color variation suggest a melanocytic or vascular lesion.
   - The presence of vascular structures (streaks) is a key feature that aligns with the vascular lesion class.

Final answer: vasc",6.26
mlx-community/Qwen2.5-VL-3B-Instruct-4bit,ISIC_0027527,bkl,P3,Final answer: bcc,1.87
mlx-community/Qwen2.5-VL-3B-Instruct-4bit,ISIC_0027527,bkl,P4,"1. **Asymmetry**: The lesion shows asymmetry with a darker, irregularly shaped area surrounded by a lighter area.
2. **Border**: The border is irregular and not well-defined.
3. **Color**: The color is predominantly pink with a darker, irregularly shaped area.
4. **Differential structures**: The presence of irregularly shaped areas with a possible vascular pattern suggests vascular structures.

**Candidate diagnoses**:
- **BCC (Basal Cell Carcinoma)**: The irregular border and asymmetry are characteristic features of BCC.
- **Vascular Lesion**: The irregularly shaped area with possible vascular structures suggests a vascular lesion.

**Final commitment**:
Given the irregular border, asymmetry, and the presence of vascular structures, the most likely diagnosis is **BCC (Basal Cell Carcinoma)**.

Final answer: bcc",5.52
mlx-community/Qwen2.5-VL-3B-Instruct-4bit,ISIC_0027727,df,P1,Final answer: mel,2.03
mlx-community/Qwen2.5-VL-3B-Instruct-4bit,ISIC_0027727,df,P2,"1. **Description:**
   - **Color Variation:** The image shows a patch with a central area of pinkish-red color surrounded by a lighter, more uniform pink area.
   - **Pigment Network:** There is a prominent pigment network with a central area of darker pigmentation.
   - **Vessels:** There are small, scattered vessels visible within the pinkish-red area.

2. **Candidate Classes and Reasons:**
   - **Mel:** The central area with darker pigmentation and the overall pattern suggest melanocytic activity.
   - **BCC:** The central area with darker pigmentation and the overall pattern suggest basal cell carcinoma (BCC).

3. **Commitment:**
   - The central area with darker pigmentation and the overall pattern suggest melanocytic activity, but the presence of scattered vessels also suggests BCC.

Final answer: **Mel**",5.64
mlx-community/Qwen2.5-VL-3B-Instruct-4bit,ISIC_0027727,df,P3,Final answer: mel,1.91
mlx-community/Qwen2.5-VL-3B-Instruct-4bit,ISIC_0027727,df,P4,"1. **Asymmetry**: The lesion shows asymmetry with different shades and patterns.
2. **Border**: The border is not clearly defined, which is a characteristic of some lesions.
3. **Color**: The color is predominantly pink with some areas of darker pink.
4. **Differential structures**: There are no clear signs of vascular structures or other specific structures that would suggest a particular diagnosis.

**Top 2 candidate diagnoses with rationale**:
- **BCC (Basal Cell Carcinoma)**: BCC often presents with asymmetry and can have a pinkish color. The lack of clear borders and the presence of different shades are consistent with BCC.
- **Vascular Lesion**: Vascular lesions can also show asymmetry and pink coloration, but they typically have more distinct vascular structures.

**Final commitment**:
Given the asymmetry, pink coloration, and lack of clear borders, the most likely diagnosis is **BCC (Basal Cell Carcinoma)**.

Final answer: bcc",6.15
mlx-community/Qwen2.5-VL-3B-Instruct-4bit,ISIC_0028584,mel,P1,mel,2.52
mlx-community/Qwen2.5-VL-3B-Instruct-4bit,ISIC_0028584,mel,P2,"1. Description:
   - The image shows a dermoscopic view of a skin lesion.
   - There is asymmetry in the color and structure.
   - The border is irregular.
   - There is a color variation with a dark blue-black area and a lighter brown area.
   - The lesion appears to have a pigment network and globules.
   - There are vessels visible, particularly in the lighter brown area.

2. Candidate Classes:
   - **Mel**: Melanoma is characterized by asymmetry, irregular borders, and color variation.
   - **BCC**: Basal Cell Carcinoma often shows irregular borders and color variation but typically does not have the pigment network seen here.
   - **Vasc**: Vascular lesions often have vessels visible, which is present here.

3. Commitment:
   - The irregular borders and color variation are key features of melanoma.
   - The pigment network and globules are also characteristic of melanoma.
   - Vascular features are present but not as prominent as in BCC.

Final answer: mel",6.59
mlx-community/Qwen2.5-VL-3B-Instruct-4bit,ISIC_0028584,mel,P3,Mel,2.63
mlx-community/Qwen2.5-VL-3B-Instruct-4bit,ISIC_0028584,mel,P4,"1. **Asymmetry**: The lesion is asymmetrical, with a darker central area surrounded by lighter areas.
2. **Border**: The border is irregular and not well-defined.
3. **Color**: The color is predominantly dark with lighter surrounding areas.
4. **Differential structures**: The lesion has a spiny or villous structure.

**Candidate diagnoses**:
- **BCC (Basal Cell Carcinoma)**: BCC often presents with irregular borders and asymmetry, and can have a spiny or villous structure.
- **Melanoma**: Melanoma can also present with asymmetry and irregular borders, and may have a spiny or villous structure.

**Final commitment**:
Given the asymmetry, irregular border, and spiny/villous structure, the most likely diagnosis is **BCC (Basal Cell Carcinoma)**.

Final answer: bcc",6.69
mlx-community/Qwen2.5-VL-3B-Instruct-4bit,ISIC_0032016,nv,P1,Final answer: bcc (basal cell carcinoma),3.27
mlx-community/Qwen2.5-VL-3B-Instruct-4bit,ISIC_0032016,nv,P2,"1. Description:
   - The image shows a skin lesion with asymmetry and irregular borders.
   - There is a color variation with a central area of darker color surrounded by lighter areas.
   - The lesion has a pigment network with globules and streaks.
   - There are vessels visible within the lesion.

2. Candidate Classes:
   - Mel: Melanoma often shows asymmetry and irregular borders with a pigment network.
   - nv: Nodular verrucaous lesions often have irregular borders and a pigment network.
   - bcc: Basal cell carcinoma can have irregular borders and a pigment network.
   - akiec: Acquired keratoacanthoma often shows asymmetry and irregular borders with a pigment network.
   - bkl: Benign keratosis of the lichen planus type often has irregular borders and a pigment network.
   - df: Dermatitis often shows irregular borders and a pigment network.
   - vasc: Vascular lesions often have vessels visible within the lesion.

3. Commitment:
   - The lesion shows asymmetry and irregular borders, which are common in melanoma.
   - The color variation and pigment network are characteristic of melanoma.
   - The vessels visible within the lesion further support the diagnosis of melanoma.

Final answer: mel",9.02
mlx-community/Qwen2.5-VL-3B-Instruct-4bit,ISIC_0032016,nv,P3,Final answer: bcc,3.23
mlx-community/Qwen2.5-VL-3B-Instruct-4bit,ISIC_0032016,nv,P4,"1. **Asymmetry**: The lesion is asymmetrical, with different shades and textures.
2. **Border**: The border is irregular and not well-defined.
3. **Color**: The color is predominantly pink with some darker areas.
4. **Differential structures**: There are multiple small vessels and some irregular pigmentation.

**Candidate diagnoses**:
- **BCC (Basal Cell Carcinoma)**: BCC often presents with irregular borders and asymmetry, and can have multiple small vessels.
- **Vascular Lesion**: The presence of multiple small vessels suggests a vascular lesion.

**Final commitment**:
Given the irregular borders, asymmetry, and multiple small vessels, the most likely diagnosis is **BCC (Basal Cell Carcinoma)**.

Final answer: bcc",7.10
mlx-community/Qwen2.5-VL-3B-Instruct-4bit,ISIC_0033349,vasc,P1,bkl,3.86
mlx-community/Qwen2.5-VL-3B-Instruct-4bit,ISIC_0033349,vasc,P2,"1. Description:
   - The image shows a skin lesion with asymmetry and irregular borders.
   - There is a color variation with pinkish-red areas and a central white area.
   - The lesion appears to have a pigment network with globules and streaks.
   - There are no visible vessels or vascular patterns.

2. Candidate Classes:
   - Mel: Melanocytic lesions often have asymmetry and irregular borders.
   - nv: Nodular lesions can have asymmetry and irregular borders.
   - bcc: Basal cell carcinoma can have asymmetry and irregular borders.
   - akiec: Acquired Kaposi's sarcoma can have asymmetry and irregular borders.
   - bkl: Benign keratotic lesion can have asymmetry and irregular borders.
   - df: Dermatofibroma can have asymmetry and irregular borders.
   - vasc: Vascular lesions often have vessels or vascular patterns.

3. Commitment:
   - The lesion has asymmetry and irregular borders, which are common features of melanocytic lesions.
   - The color variation and pigment network suggest a melanocytic origin.
   - The pinkish-red areas and central white area are characteristic of melanocytic lesions.

Final answer: mel",11.09
mlx-community/Qwen2.5-VL-3B-Instruct-4bit,ISIC_0033349,vasc,P3,Final answer: bcc,3.91
mlx-community/Qwen2.5-VL-3B-Instruct-4bit,ISIC_0033349,vasc,P4,"1. **Asymmetry**: The lesion is asymmetrical with a central area of pinkish color surrounded by a clear border.
2. **Border**: The border is clear and well-defined.
3. **Color**: The color is predominantly pink with a clear border.
4. **Differential structures**: The pinkish area is surrounded by a clear border, which is characteristic of a vascular structure.

**Candidate diagnoses**:
- **Mel**: Melanoma is ruled out due to the clear border and the pinkish color.
- **BCC**: Basal Cell Carcinoma (BCC) is ruled out due to the clear border and the pinkish color.
- **BKL**: Benign Keratosis of the Vulva (BKL) is ruled out due to the clear border and the pinkish color.
- **Vascular**: The pinkish area with a clear border is characteristic of a vascular structure.

**Final answer**: vasc",10.41
